{
  "name": "Evergreen",
  "topLeft": [267, 132],
  "bottomRight": [4733, 2356],
  "widthInches": 362.99208,
  "heightInches": 164.01575
}
